[
  {
    "id": "139bd49e-5347-4d46-b0f2-4c971c890fdd",
    "data": [
      {
        "text": "No",
        "userDefined": false
      }
    ],
    "isTemplate": false,
    "count": 0,
    "updated": 0
  },
  {
    "id": "ddb2ee7f-b98e-4fdd-9a1f-16c903c256e9",
    "data": [
      {
        "text": "Please restart.",
        "userDefined": false
      }
    ],
    "isTemplate": false,
    "count": 0,
    "updated": 0
  },
  {
    "id": "b21fcd59-85bf-4d2c-a56b-aff6106f8649",
    "data": [
      {
        "text": "Sorry, made a mistake.",
        "userDefined": false
      }
    ],
    "isTemplate": false,
    "count": 0,
    "updated": 0
  },
  {
    "id": "be66cca2-f08c-48c3-b990-a657f25c6026",
    "data": [
      {
        "text": "Cancel.",
        "userDefined": false
      }
    ],
    "isTemplate": false,
    "count": 0,
    "updated": 0
  }
]