[
  {
    "id": "e952fed1-7e49-48cb-9e6a-781f0c85cfc7",
    "data": [
      {
        "text": "It would be A",
        "userDefined": false
      }
    ],
    "isTemplate": false,
    "count": 0,
    "updated": 0
  },
  {
    "id": "ddbb766a-3523-434c-a91f-de91a5784fae",
    "data": [
      {
        "text": "Its A",
        "userDefined": false
      }
    ],
    "isTemplate": false,
    "count": 0,
    "updated": 0
  },
  {
    "id": "fe75f9eb-aeb4-4df5-9b5c-0d81807e72a4",
    "data": [
      {
        "text": "A",
        "userDefined": false
      }
    ],
    "isTemplate": false,
    "count": 0,
    "updated": 0
  },
  {
    "id": "a701de43-bbe8-4a83-813a-febc81297bae",
    "data": [
      {
        "text": "B",
        "userDefined": false
      }
    ],
    "isTemplate": false,
    "count": 0,
    "updated": 0
  }
]