[
  {
    "id": "4131a694-f6a5-4c76-a40c-714880b6a7ea",
    "data": [
      {
        "text": "North Zone",
        "alias": "Zone",
        "meta": "@Zone",
        "userDefined": true
      },
      {
        "text": " it is",
        "userDefined": false
      }
    ],
    "isTemplate": false,
    "count": 0,
    "updated": 0
  },
  {
    "id": "f707ab5b-95fa-4fcf-bb94-1c2f886d1f09",
    "data": [
      {
        "text": "it would be ",
        "userDefined": false
      },
      {
        "text": "North Zone",
        "alias": "Zone",
        "meta": "@Zone",
        "userDefined": true
      }
    ],
    "isTemplate": false,
    "count": 0,
    "updated": 0
  },
  {
    "id": "1026568c-42fe-405d-99cb-096bc1a8f211",
    "data": [
      {
        "text": "North Zone",
        "alias": "Zone",
        "meta": "@Zone",
        "userDefined": true
      }
    ],
    "isTemplate": false,
    "count": 0,
    "updated": 0
  }
]