[
  {
    "id": "bbdbd9a9-3b2e-4e49-81a7-b98746611845",
    "data": [
      {
        "text": "Please Close the doors",
        "userDefined": false
      }
    ],
    "isTemplate": false,
    "count": 0,
    "updated": 0
  },
  {
    "id": "61922c6c-b2ef-4060-ba9d-e67700c72459",
    "data": [
      {
        "text": "C",
        "userDefined": false
      }
    ],
    "isTemplate": false,
    "count": 0,
    "updated": 0
  },
  {
    "id": "286513dc-a3fa-4f09-9a26-49a35bf44e94",
    "data": [
      {
        "text": "Close Door",
        "userDefined": false
      }
    ],
    "isTemplate": false,
    "count": 0,
    "updated": 0
  }
]