[
  {
    "id": "f4a64ad5-75a6-4c4c-ba35-60a2e563cd15",
    "data": [
      {
        "text": "it would be ",
        "userDefined": false
      },
      {
        "text": "International Tower",
        "alias": "Building",
        "meta": "@Building",
        "userDefined": true
      }
    ],
    "isTemplate": false,
    "count": 0,
    "updated": 0
  },
  {
    "id": "1cfc48d9-2541-4475-86f8-3e08f41c43d0",
    "data": [
      {
        "text": "its ",
        "userDefined": false
      },
      {
        "text": "International Tower",
        "alias": "Building",
        "meta": "@Building",
        "userDefined": true
      }
    ],
    "isTemplate": false,
    "count": 0,
    "updated": 0
  },
  {
    "id": "fc58e735-bfe7-4a75-abe7-12136a92060f",
    "data": [
      {
        "text": "International Tower",
        "alias": "Building",
        "meta": "@Building",
        "userDefined": true
      }
    ],
    "isTemplate": false,
    "count": 0,
    "updated": 0
  }
]