[
  {
    "id": "15b3caaa-9b73-4ffb-96c6-c59272a04b28",
    "data": [
      {
        "text": "Y",
        "userDefined": false
      }
    ],
    "isTemplate": false,
    "count": 0,
    "updated": 0
  },
  {
    "id": "a0e4b11f-4fb8-4d4d-99c5-471878f7548c",
    "data": [
      {
        "text": "Go ahead.",
        "userDefined": false
      }
    ],
    "isTemplate": false,
    "count": 0,
    "updated": 0
  },
  {
    "id": "2b979f90-89d7-4b89-9c77-a053a0b6ae47",
    "data": [
      {
        "text": "Yes.",
        "userDefined": false
      }
    ],
    "isTemplate": false,
    "count": 0,
    "updated": 0
  },
  {
    "id": "bc7ae87a-4a6d-4709-9887-7c2409e5309a",
    "data": [
      {
        "text": "Confirm.",
        "userDefined": false
      }
    ],
    "isTemplate": false,
    "count": 0,
    "updated": 0
  }
]